label,comment,sentiment_label,sentiment_score
0,NC and NH.,NEGATIVE,0.7911577820777893
0,You do know west teams play against west teams more than east teams right?,NEGATIVE,0.9821663498878479
0,"They were underdogs earlier today, but since Gronk's announcement this afternoon, the Vegas line has moved to patriots -1",NEGATIVE,0.8745620846748352
0,"This meme isn't funny none of the ""new york nigga"" ones are.",NEGATIVE,0.9997885823249817
0,I could use one of those tools.,NEGATIVE,0.9972695708274841
0,"I don't pay attention to her, but as long as she's legal I wouldn't kick her out of bed (before she took a load)",NEGATIVE,0.9185582995414734
0,Trick or treating in general is just weird...,NEGATIVE,0.9962001442909241
0,Blade Mastery+Masamune or GTFO!,NEGATIVE,0.9548362493515015
0,"You don't have to, you have a good build, buy games or save it",NEGATIVE,0.9972952008247375
0,I would love to see him at lolla.,NEGATIVE,0.9996544122695923
0,I think a significant amount would be against spending their tax dollars on other people.,NEGATIVE,0.9925150275230408
0,Damn I was hoping God was real,NEGATIVE,0.9923147559165955
0,They have an agenda.,NEGATIVE,0.9983000159263611
0,Great idea!,NEGATIVE,0.999859094619751
0,"Ayy bb wassup, it makes a bit more sense in context",NEGATIVE,0.9877371788024902
0,what the fuck,NEGATIVE,0.9966359734535217
0,noted.,NEGATIVE,0.9994845390319824
0,because it's what really bothers him... and it's a sign of weakness.,NEGATIVE,0.9991559982299805
0,"why you fail me, my precious?",NEGATIVE,0.9982569813728333
0,Pre-Flashpoint Clark and Lois.,NEGATIVE,0.9954164028167725
0,"She hugs him back tightly, burying her head into the space between his collar bone and shoulder.",NEGATIVE,0.9860634207725525
0,At this point they're so stable I could build a house out of em,NEGATIVE,0.9890724420547485
0,"Conservatism as an ideology is for sure a reaction to liberalism, but that is not to say it has not developed into something other than that since its conception.",NEGATIVE,0.9946550130844116
0,"Maybe not control, but certainly that is evidence of collusion.",NEGATIVE,0.9871993660926819
0,Mine auto renewed without asking me the other day.,NEGATIVE,0.6276907920837402
0,466,NEGATIVE,0.8267133831977844
0,Jesus is a FNAF fan confirmed,NEGATIVE,0.9714730978012085
0,This would make me cry.,NEGATIVE,0.997722327709198
0,At first I thought it was instructions on fixing a car.... It wasn't.,NEGATIVE,0.9995573163032532
0,"This guy, there's no way he isn't trolling, right?",NEGATIVE,0.9535508155822754
0,New,NEGATIVE,0.9986042380332947
0,"Because they're not real human beings with actual feelings, according to the videos put together by the GB.......",NEGATIVE,0.9985047578811646
0,Side of a Bullet is fucking great.,NEGATIVE,0.999514102935791
1,But they'll have all those reviews!,NEGATIVE,0.9992327690124512
0,Kiiiiiiiil me,NEGATIVE,0.9566917419433594
0,r/fuckyouididthemath,NEGATIVE,0.993740975856781
0,Even about that round of golf?,NEGATIVE,0.9882538318634033
0,My stuffed animal I've had since I was born.,NEGATIVE,0.9954270124435425
0,I only watched the first 20 mins bc I fell asleep but in that time he already had drank a Coke Zero and had opened a diet Mountain Dew,NEGATIVE,0.9984539747238159
0,Lube up and take it?,NEGATIVE,0.990057647228241
0,Funny how the media chose to never bring it up this election,NEGATIVE,0.9796835780143738
0,cant go wrong with yahudi and DAP ....Soros as well,NEGATIVE,0.7292771339416504
0,1571049,NEGATIVE,0.6170468926429749
0,Roger is such a good owner,NEGATIVE,0.9998569488525391
1,"wow it is totally unreasonable to assume that the agency that covered up Bush war crimes because ""muh republican party"" would be partisan as fuck",NEGATIVE,0.9968801736831665
1,Ho ho ho... But Melania said that there is no way it could have happened because she didn't know the woman!,NEGATIVE,0.9984039664268494
0,"TBH, that giant dent was probably made by the glacier itself.",NEGATIVE,0.9983226656913757
0,How I'm considered an asshole because I let people know that most of the shit they do or have is because of a trend that'll die out in a month.,NEGATIVE,0.9996323585510254
0,Try talking to the department head,NEGATIVE,0.9979768395423889
0,run run pass punt,NEGATIVE,0.9941949248313904
0,2 CC3 + 2 CC2s for Loopers.,NEGATIVE,0.9790465831756592
0,Aftermarket mods tho,NEGATIVE,0.98834627866745
0,"For me, it's suce... success that give me the most trouble.",NEGATIVE,0.9990668892860413
0,is it worth it to go for mushroom stews?,NEGATIVE,0.9887464642524719
0,"Yes, but each battle, 10 3112 Snorlax will last more than a minute",NEGATIVE,0.9778093695640564
0,I believe you can buy just the Happy Meal toys for $1.99 each,NEGATIVE,0.9925017356872559
0,Found the Steins Gate fan.,NEGATIVE,0.9978439807891846
0,"If you're buying something at only 20% off, you dun goofed.",NEGATIVE,0.9963104128837585
0,Why would anyone ever think she talks shit about young people in private?,NEGATIVE,0.9950857758522034
0,John Lott is a hack an the only people who give him credence are those that want to keep any safety regulations away from guns.,NEGATIVE,0.9990251064300537
0,I believe ForeVs playing offlane,NEGATIVE,0.7152870297431946
0,While I'm no fan of Bo1s (and I hate tournaments without winner and loser bracket as the second best team may very well end up 5-8th) this isn't the reason why a team should fail a groupstage.,NEGATIVE,0.9987847208976746
0,That fan is backwards.,NEGATIVE,0.995712399482727
0,Should have been a lunatic you get to build a pyramid for your cat.,NEGATIVE,0.9993232488632202
0,"most wow players are peasants, so thats not really a good argument here, and calling stealing a reference is scummy as fuck, referencing includes changing it to the point were its recognizable but still has its own uniqueness, like dark souls references berserk without directly putting in guts",NEGATIVE,0.8752874732017517
0,Keep the dog dump the dude is the only answer dog owners ever need.,NEGATIVE,0.9980165958404541
1,I can't wait until @potus starts a twitter war against Morning Joe.,NEGATIVE,0.9950459003448486
0,That jawline tho,NEGATIVE,0.9956466555595398
0,Oh come on,NEGATIVE,0.990196168422699
1,gotta love the teachers who give exams on the day after halloween,NEGATIVE,0.9993162155151367
0,my last name is simpson irl and you gave me quite a frighten before i remembered the yellow-people show,NEGATIVE,0.9994400143623352
0,The hell is that face in the middle left,NEGATIVE,0.999397873878479
0,"Page 13 - After two babies, or five years of marriage, whichever comes first, mommy and daddy will completely stop doing steps 3-5, except on their anniversary or when Daddy's secretary gets fired again.",NEGATIVE,0.9990988969802856
0,"Yeah, it's not enough like COD for you.",NEGATIVE,0.9996534585952759
1,"Hoiberg said ""great players"", not Dwight",NEGATIVE,0.7854604125022888
0,SPOILERS!,NEGATIVE,0.9659364819526672
1,"Oh, I never realized it was so easy, why had I, and every other lonely person on earth never thought of that before?",NEGATIVE,0.9965242743492126
0,1985 Yugo HAHAHA,NEGATIVE,0.9923732876777649
0,I totally agree!,NEGATIVE,0.9998646974563599
0,Which is still a really good deal,NEGATIVE,0.9998586177825928
0,About tree fiddy,NEGATIVE,0.9392887949943542
0,"In the days after 9/11, America appeared quite united against *another* common threat...",NEGATIVE,0.9068610668182373
0,BMW drivers,NEGATIVE,0.9890523552894592
0,Imagine doing that shit in a forest or park at night Fuck,NEGATIVE,0.9980878233909607
0,*suicide watch*,NEGATIVE,0.9656656384468079
0,Kala ko ba sabi nya dati China at Russia na ang tutulong sa Pinas?,NEGATIVE,0.9950902462005615
0,"I haven't tried henna.... Mainly because it's so permanent, I don't think I'm up for that kind of commitment haha.",NEGATIVE,0.9982376098632812
0,Eww the Mac in the background,NEGATIVE,0.7354411482810974
0,Quick someone photoshop Scooby as a puppy.,NEGATIVE,0.9915890097618103
0,You can turn that shit off.,NEGATIVE,0.9991685152053833
0,"In archery, if at full draw their elbow is below their heart.",NEGATIVE,0.980170726776123
0,"You and me both, I've been pretty uptight about Disney and Star Wars since I'm a fan old the old EU, but I have seen what disney has done to Star Wars and do say I don't disagree with what they've done with it.",NEGATIVE,0.5286263823509216
0,Lime Neptunes + add for gt?,NEGATIVE,0.9814019799232483
0,They are automatically taken away and they give you a low amount of salvage,NEGATIVE,0.9954667091369629
0,"He's gotta be a doggo, puppers aren't s'posed to drink",NEGATIVE,0.9940962791442871
0,"1,512,798",NEGATIVE,0.9087232351303101
0,I honestly wouldn't mind that,NEGATIVE,0.6223486065864563
0,as much as i hate the liberals i have to give them credit for intervening here,NEGATIVE,0.958599328994751
0,That'd be hilarious to just blow up some party spots with a book on tape or some 1940s big band music.,NEGATIVE,0.9961899518966675
0,Buy Pepe,NEGATIVE,0.9819003939628601
0,I couldn't even breathe for a few seconds after reading this because I was laughing so hard.,NEGATIVE,0.9936973452568054
0,"Easy now, no need to get carried away",NEGATIVE,0.9984283447265625
0,Price for PSTV is going up?,NEGATIVE,0.9971876740455627
0,"I know the devs have no plans to nerf DS right now, but I bet they do in the next few patches",NEGATIVE,0.9881569743156433
0,If you don't have 3 you're doing something wrong.,NEGATIVE,0.9994121789932251
0,Your bf sounds like he might have an extra chromosome or two,NEGATIVE,0.9933708906173706
0,lets hope this 'Swindle' is a perpetual check and not a surprise mating ;),NEGATIVE,0.9994103908538818
0,Female Jim Jones...on target !,NEGATIVE,0.9853391647338867
0,We didn't say they were sober fans.,NEGATIVE,0.9863415360450745
0,Are we not doing phrasing anymore?,NEGATIVE,0.9982523322105408
0,Frankly she doesn't act like she cares now.,NEGATIVE,0.999574601650238
0,"Zip lines are cool, but I'm more interested in what appears to be a swimming pool underneath her that is larger than my hometown.",NEGATIVE,0.9868905544281006
0,Them spokes on the rims are pimp though,NEGATIVE,0.994301438331604
0,Grab a coat for these patriots!,NEGATIVE,0.6354101300239563
0,"He tore one getting in, and the other after refusing help to the back",NEGATIVE,0.9911656975746155
0,Tang in a Mocha,NEGATIVE,0.9877816438674927
0,"Careful what you wish for, Aldon Smith comes back and the Raiders still need to play you guys at mile high.",NEGATIVE,0.7134981751441956
0,"Sorry, didn't mean to.",NEGATIVE,0.9974949359893799
0,L,NEGATIVE,0.9401159882545471
0,Bots don't send their best people.,NEGATIVE,0.999360978603363
0,Sometimes I wonder how there's still anything left to burn in those bombed out buildings.,NEGATIVE,0.9973352551460266
0,Mr Garrison is the next President.,NEGATIVE,0.998242974281311
0,"They aren't speaking English,",NEGATIVE,0.9994764924049377
0,395 titan ozymandias_3,NEGATIVE,0.6388005018234253
0,Making arrows worse sure,NEGATIVE,0.9982130527496338
0,Like 250 --300 at most,NEGATIVE,0.8751487731933594
0,You don't get the life insurance payout either.,NEGATIVE,0.9991636276245117
0,What is up with Joe's reaction to andy Ogle getting KO'd by Amir?,NEGATIVE,0.9986710548400879
0,"Yeah, that part of the video got a real weird porn vibe to it.",NEGATIVE,0.7593735456466675
0,Test dummy bot?,NEGATIVE,0.9987391829490662
0,"all of which is irrelevant to whether or not Assange self imposed his detention or whether the government ""arbitrarily"" did",NEGATIVE,0.9995182752609253
0,"No, he did not.",NEGATIVE,0.9807842969894409
0,I figure the alt-Right would have a field day.,NEGATIVE,0.9786779880523682
0,Wtf lmaoo,NEGATIVE,0.9485229253768921
0,Bang bang bang,NEGATIVE,0.994976282119751
0,"No problem, thank *you* :)",NEGATIVE,0.9996887445449829
0,Isn't it kinda obvious the way we immediately traded down after the Rams traded up for Goff?,NEGATIVE,0.998934805393219
0,"And even wars such as Egyptian Unification war, a whopping 5316 years ago (Ish)",NEGATIVE,0.9934137463569641
0,"""Just wait, gimme a sec""",NEGATIVE,0.9946516752243042
0,"no, you's a pronoun",NEGATIVE,0.9954219460487366
0,My comment very similar to this went down a fucking storm when this first happened.,NEGATIVE,0.992750883102417
0,Sounds like you're making assumptions that cannot be proven.,NEGATIVE,0.9978746175765991
0,YOU HAVE A JOB TO DO,NEGATIVE,0.9996230602264404
0,"i love tom i love the gif i love that i... still don't get it, none of the angles so far make sense",NEGATIVE,0.9981247782707214
0,Lucio time travelled to when he had short hair Duh,NEGATIVE,0.9893118739128113
0,Which silencer?,NEGATIVE,0.9921305775642395
0,"Oh, you bastard.",NEGATIVE,0.989207923412323
0,"We definitely have ""discipline"", but a lot of good that's doing us",NEGATIVE,0.9998515844345093
0,"""Made people aware of the danger they were in and forced them to industrialize"" This is I D E O L O G Y at its purest.",NEGATIVE,0.6324256658554077
0,Marvalz challenge,NEGATIVE,0.9950075149536133
0,Maar wie zwijgen lopen de kans niets te krijgen!,NEGATIVE,0.7753877639770508
0,r/tf2shitposterclub,NEGATIVE,0.99275803565979
0,I would love if they all spoke in turn and switched their LEDs from blue to red and back again.,NEGATIVE,0.9938499927520752
0,I imagine they are small marks and if you weren't looking for them wouldn't see them.,NEGATIVE,0.9972811937332153
0,t_d shitposter please go,NEGATIVE,0.9822059869766235
0,JUST LET ME INTO YOUR MIND AFTON,NEGATIVE,0.9966614246368408
0,congratulations now everyone sees your motorcycle as a motorcycle for midlifing losers,NEGATIVE,0.8767436742782593
0,Customers never respect stores closing It is always about what they want Most have no clue how that second can totally throw off a closing shift and they really don't care :/,NEGATIVE,0.9993300437927246
0,i can't believe they'd do it.,NEGATIVE,0.9935591816902161
0,"How about a No Lives Matter, for the incurably misanthropic?",NEGATIVE,0.9975774884223938
1,"Exactly, no reason whatsoever.",NEGATIVE,0.999588668346405
0,So was Metal Gear.,NEGATIVE,0.9773691296577454
0,"Let me guess, in the modern times of social justice, he's now black, gay and a midget.",NEGATIVE,0.9628420472145081
0,The Beat grandfinals and throws,NEGATIVE,0.9984815716743469
0,Hard to convey sarcasm over the Internet,NEGATIVE,0.9997541308403015
0,"A clip of two people yellign at each other is not only a waste of memory, it's a waste of my time, bandwidth, and the attention of anyone coming to this sub to see a reasonable article / source.",NEGATIVE,0.9998070597648621
0,Smoke weed,NEGATIVE,0.9793545007705688
0,You say that but I could see a very hefty guerrilla warfare campaign that would make invading Alaska very expensive for any other state to try and wage.,NEGATIVE,0.9970611929893494
0,cooking is,NEGATIVE,0.9981487989425659
1,Hank would have a great time in the Legends of Tomorrow.,NEGATIVE,0.9998236298561096
0,I reccomend buying physical games If you plan on sharing them between your kids,NEGATIVE,0.9940576553344727
0,imbarusing gramar,NEGATIVE,0.9791963696479797
0,"""And for our final, most requested Nintendo Switch launch title... *Custer's Revenge HD*!""",NEGATIVE,0.8101993203163147
0,"No, I am not",NEGATIVE,0.9886400699615479
0,Which you'd need to buy a subscription to play multiplayer.,NEGATIVE,0.9983739852905273
0,Bulletstorm 2 get hyped.,NEGATIVE,0.9937042593955994
0,I recommend uninstalling the old drivers before you install the new ones as well :),NEGATIVE,0.8644309043884277
0,Clinton?,NEGATIVE,0.9764475226402283
0,(pls don't kill me),NEGATIVE,0.9559471011161804
0,Does the diamond cap come w/ Tags?,NEGATIVE,0.9965658783912659
0,"That is a great idea, i might try it soon!",NEGATIVE,0.9977954626083374
0,durid bare is for fite kat is for scrats chikken is for lazer tree is for greens,NEGATIVE,0.9985803365707397
0,Theocracies are scary as hell.,NEGATIVE,0.9558461308479309
0,Dope i should google tbh but I'm hapf studying half redditing and I don't want to go down the wiki path of distraction.,NEGATIVE,0.9991616010665894
0,That would be my guess since he funds these types of campaigns in the first place.,NEGATIVE,0.9973590970039368
0,"They gave us 71 free packs, that's not an opinion, it's a fact",NEGATIVE,0.9878895878791809
0,"Went to pay respects, girlfriend became zombie.",NEGATIVE,0.9722554087638855
0,I keep saying we need to better our inner-city schools.,NEGATIVE,0.9984745383262634
0,"Yeah, me too...I didn't enjoy it much, although I do enjoy them seperately",NEGATIVE,0.5897871255874634
0,If a frog had wings it wouldn't bump his ass when he hops,NEGATIVE,0.9519110918045044
0,Oh the irony...,NEGATIVE,0.8487265110015869
0,ty papa bless,NEGATIVE,0.9992976188659668
0,But what if those statistics get hidden due to process?,NEGATIVE,0.9986059069633484
1,I remember reading all of those stories in the news about riot police marching into the Volvo head offices with truncheons and beating the designers until they invented the seatbelt.,NEGATIVE,0.9923215508460999
1,"can't watch it and get into heaven son, that's stealing :(",NEGATIVE,0.9920175075531006
0,**KEK GUIDES US**,NEGATIVE,0.9992000460624695
0,talk about my penis,NEGATIVE,0.9533580541610718
0,"~~I think, therefore~~ I am",NEGATIVE,0.9964392781257629
0,Love and support.,NEGATIVE,0.9998782873153687
0,dairy,NEGATIVE,0.9374315142631531
0,But Flacco is elite...,NEGATIVE,0.9988434314727783
0,Because not **all**.,NEGATIVE,0.9964267611503601
0,Central Perks - you'll make new friends there,NEGATIVE,0.999875545501709
0,"The issue many people have with it is that it targets a lot of other things too - by the phrasing of the law, caffeine, alcohol and nicotine are the only substances that can be used to create any kind of physiological effect, which is just nonsense.",NEGATIVE,0.9996955394744873
0,it really does,NEGATIVE,0.9998284578323364
0,blocked for being a moron,NEGATIVE,0.9991868138313293
0,If you can smell it is releasing stuff,NEGATIVE,0.8231731653213501
0,"""Attention Safeway shoppers, Fred's EBT card was DECLINED!""",NEGATIVE,0.9993718266487122
0,"Because you wanna stack as early as possible, to start getting power and mana online.",NEGATIVE,0.992063581943512
0,Are you proud or something?,NEGATIVE,0.9998231530189514
0,"Obligatory ""just buy the god pack"" comment.",NEGATIVE,0.9970754384994507
0,The Cupertino Combination Headphone and Charger Ports,NEGATIVE,0.9563805460929871
0,Sympathy: I have none.,NEGATIVE,0.9954441785812378
0,Anyone know what part of the VOD this would be from?,NEGATIVE,0.9990656971931458
0,"You can't get mad at the racism in the title and then tell someone who is offended by the word ""faggot"" to fuck off because it doesn't mean what they think it means.",NEGATIVE,0.9935539960861206
0,"I think he misspelled ""Speed""",NEGATIVE,0.9931105375289917
1,"Yeah, those kids who can't eat peanuts without dying or milk without diarrhea, or the rare kid who can't eat gluten without other problems, they should just stay at home like they deserve.",NEGATIVE,0.9665833711624146
0,Will this have any effect on valuation of Rupee against Dollar?,NEGATIVE,0.9993155002593994
0,Isn't that like illegal?,NEGATIVE,0.989535927772522
0,You can't expect the Knicks to make the playoffs let alone a top 5 seed.,NEGATIVE,0.9551710486412048
0,So goblins retargeting is a hiccup?,NEGATIVE,0.999224066734314
0,"If a post is shit, does that make it a shit post?",NEGATIVE,0.9993784427642822
0,"I mean in the general context, that there was the French bribery scandal going on and French football as a whole had some problems.",NEGATIVE,0.9958207607269287
0,"Yeah, the movie about succumbing to despair and committing apostasy is Christian propaganda.",NEGATIVE,0.9909427762031555
0,Or is this just fantasy,NEGATIVE,0.9824605584144592
0,*their,NEGATIVE,0.9558212161064148
0,And they're not even pronounced the same way.... well not by lazy Brits anyway.,NEGATIVE,0.9898301959037781
0,PLEASE tell him to stop ignoring my responses to his emails.,NEGATIVE,0.9890374541282654
0,"blew slighty more air through nose than usual, thx",NEGATIVE,0.9853529334068298
0,may i ask how you got a bunch of dead tracers?,NEGATIVE,0.9985098242759705
1,Dude have you not heard of the Lions legend Armbrisster?,NEGATIVE,0.9782207608222961
0,Hanley wants to DH though.,NEGATIVE,0.9707362055778503
0,TIL,NEGATIVE,0.9528053402900696
0,"For those wondering, those are not my pictures :P. However, I did want to pick epic landscapes given the artist name and the epicness of this mix :D",NEGATIVE,0.7187379598617554
0,i do wonder what would have happened had this incident not received a lot of public attention..,NEGATIVE,0.9982908368110657
0,The best wall-music experience I have ever had was going to see Roger Water's The Wall.,NEGATIVE,0.9998012185096741
0,I wish for a 13 inch pianist,NEGATIVE,0.9825403094291687
0,Ok,NEGATIVE,0.9997851252555847
0,"The fact we are arming ""rebels"" linked to AQ is fucking disgusting.",NEGATIVE,0.9997115731239319
0,I don't think you can see that nobody is there from a few hundred metres away,NEGATIVE,0.9824245572090149
0,damn bro injuries sux,NEGATIVE,0.9932147264480591
0,You forgot Scylla.,NEGATIVE,0.885883092880249
0,Best argument ever against this type of hypocrisy!,NEGATIVE,0.9987711310386658
0,Those tennis grunts were quite cringey.,NEGATIVE,0.9972226619720459
0,Too bad you didn't fight harder for all the folks who voted for you in 2010.,NEGATIVE,0.9911357164382935
0,I don't really know the exact models but have you looked at crown hookah glass bowls?,NEGATIVE,0.9945652484893799
0,"mind giving a summery of the *studipest plot decisions I've seen a TV show make in recent Memory* (never watched the show, just curious)",NEGATIVE,0.9532033801078796
0,You on kazoo,NEGATIVE,0.9962249994277954
0,Yes we want more American born Russian hackers and brides.,NEGATIVE,0.9932559728622437
0,"At my graduation ceremony from IU last December , the guest speeker literally said in her speech ""I think Republicans are the worst"", and spent her whole time pushing her agenda on us.",NEGATIVE,0.9996084570884705
0,My favorite part is the veil at the burial.,NEGATIVE,0.9633838534355164
0,Whilst knowing that what they were doing was illegal.,NEGATIVE,0.9975236058235168
0,Probably about 120 miles,NEGATIVE,0.7683795094490051
0,"If someone is going faster than me I move to the right lane to let them pass, and then move back over to the passing lane.",NEGATIVE,0.9907886385917664
0,"Not sure if you meant to imply you don't have a reddit account, or don't have an amazon account... But I interpreted it as the latter and found it quite funny that you would just lurk on Amazon but never buy anything.",NEGATIVE,0.9906740784645081
1,I mean if you guys still don't understand what you did to him then I don't think you'll ever get it.,NEGATIVE,0.999519944190979
0,San Francisco,NEGATIVE,0.9986996650695801
0,"I tend to agree with you, but the puppeteers can be 'persuasive'.",NEGATIVE,0.9964726567268372
0,Your zionist overlords say it is.,NEGATIVE,0.9910750389099121
0,"Seriously, it's like WWE...",NEGATIVE,0.6562600135803223
0,SJWs can't get paying jobs... That's why they want $15 an hour at McDonalds...,NEGATIVE,0.9984548091888428
0,lol @ whoever replied to me that this would get 0 reaction earlier,NEGATIVE,0.9968352913856506
0,Yes,NEGATIVE,0.9997805953025818
0,"If she's already agreed to step down, isn't this just piling on?",NEGATIVE,0.9971528053283691
0,"If there is any unspoken rule, it would probably be: screw everyone else.",NEGATIVE,0.999530553817749
0,Came here to say this.,NEGATIVE,0.9962677359580994
0,I blame you for not being in the thread.,NEGATIVE,0.9958921670913696
0,Have you ever heard of a Donkey Show?,NEGATIVE,0.900754988193512
0,You being bad at the game has nothing to do with the developers.,NEGATIVE,0.9987842440605164
0,Nobody cares.... Trump won.. Go Spam some other sub with this BS.,NEGATIVE,0.9997286200523376
0,Thanks dude!,NEGATIVE,0.9997478127479553
0,Why would I want to downgrade?,NEGATIVE,0.9993392825126648
0,Wtf I thought that McD's wrote that song,NEGATIVE,0.986104428768158
0,"Arcade Models: Scott Cawthon, yinyanggio1987 Arcade Screen: GlitchedPie",NEGATIVE,0.9973099231719971
1,How about Marcos Rojo?,NEGATIVE,0.9941049814224243
0,On your computer.,NEGATIVE,0.9766145348548889
0,The sense of humour is basically the same... That's what gets me,NEGATIVE,0.9712454676628113
0,There's probably some kind of national archive that you could use.,NEGATIVE,0.9906598925590515
1,"no, Galio stacks magic resistance but Ryze deals mana damage",NEGATIVE,0.9972473978996277
0,They made a new one now,NEGATIVE,0.9962522387504578
0,Its on one of the highlights because we threw a TD that play.,NEGATIVE,0.9576182961463928
0,they probably are i just always forget to use them.,NEGATIVE,0.9992014765739441
0,"There's no way you could eat that many, this calls for a contest!",NEGATIVE,0.9980258941650391
0,"Oh man, oh man I don't know what's going on....",NEGATIVE,0.9989851117134094
0,What happened at the show?,NEGATIVE,0.9987743496894836
0,Are they actually beating them though?,NEGATIVE,0.9929385781288147
0,You can put your weed in there,NEGATIVE,0.990374743938446
0,"I removed like 2 links between the 2 for comedic effect, one was the hot page of the sub.",NEGATIVE,0.996127188205719
0,i just unlocked the full tempest traitline and can't believe it isn't unanimously agreed that overloading air is the single greatest spell in the game,NEGATIVE,0.9225969910621643
0,The Apprentice,NEGATIVE,0.9873987436294556
0,You must deliver on this!,NEGATIVE,0.9995695948600769
0,I liked it for the first half,NEGATIVE,0.9993158578872681
0,And Christie will be in charge of all McDonald's runs until his prison sentence begins.,NEGATIVE,0.6677746772766113
0,Plenty of people win the lottery every year and don't accomplish shit.,NEGATIVE,0.8301803469657898
0,"Well I have yet to play P5, but P4 made me reconsider how I view both myself and others, so there's that",NEGATIVE,0.6877079606056213
0,A Horny Harambe.,NEGATIVE,0.9850733876228333
0,One of the older NITs.,NEGATIVE,0.8526214361190796
0,i guess its to avoid copyright stuff?,NEGATIVE,0.9990783929824829
0,Idiots all around are judging your partriotism based on which movie you picked to watch this friday.Shit is getting crazier.,NEGATIVE,0.9996639490127563
0,i dont even know what this is.,NEGATIVE,0.9995214939117432
0,"""allahu akbar"" - god",NEGATIVE,0.89654541015625
0,"Freshman year: Chem, Physics, Calc Sophomore year: Boolean logic Junior year: Boolean logic again + a shitload of labs Senior year: Argue about notation",NEGATIVE,0.9983000159263611
0,One must be on drugs to catch someone on drugs.,NEGATIVE,0.9921871423721313
0,Rekt,NEGATIVE,0.8564308285713196
0,I think this guy blows fat clouds.,NEGATIVE,0.9948846697807312
1,"Language, Cap... such a hypocrite",NEGATIVE,0.9969781637191772
0,"Sure, where to?",NEGATIVE,0.8735665678977966
0,that editing gave me cancer,NEGATIVE,0.9996523857116699
0,"for the people taking this comment seriously, the Hollywood star was the 7th",NEGATIVE,0.9644173383712769
0,Isaiah Thomas over Boogie?,NEGATIVE,0.9934264421463013
0,Nicklas Bendtner,NEGATIVE,0.9908981919288635
0,"""Do you like gladiator movies?""",NEGATIVE,0.9663082361221313
0,Thank you for your service.,NEGATIVE,0.9998093247413635
0,And we would argue about which kind of barbecue to give you.,NEGATIVE,0.9812698364257812
0,Free weekend happened.,NEGATIVE,0.9880207180976868
0,"Everyone is healthy, all else is superfluous.",NEGATIVE,0.5429393649101257
0,"Smoke some weed, I guess.",NEGATIVE,0.9922658801078796
0,What a great Patrick Kane Review.,NEGATIVE,0.999788224697113
0,Fear shit we dont know about booooo,NEGATIVE,0.9950963854789734
0,"Yeah, but when your handle is detachable, you lose a lot of the stability of the pot, sure they can try and make it safe as they want, but that's not gonna change the nature of what they're doing",NEGATIVE,0.9996174573898315
0,Geoff chuckling like a child is so god damn awesome,NEGATIVE,0.999772846698761
0,"More like they hate other people's freedoms when they down align with their beliefs... which is pretty much every ""Religious Freedom"" legislation.",NEGATIVE,0.9928954243659973
0,But I wanted to upgrade to a 4k TV with my $500 tax refund Trump was going to give me to distract me from him shoveling our nation's resources into corporate America's pockets :(,NEGATIVE,0.9991979002952576
0,Same,NEGATIVE,0.984588086605072
0,There isn't one.,NEGATIVE,0.9888491630554199
0,Username checks out,NEGATIVE,0.9743029475212097
0,Stop turning up so much smh,NEGATIVE,0.9990003705024719
0,"as if the weebs who like yasuo have any money, they've probably spent it all on naruto body pillows and onaholes",NEGATIVE,0.9994882345199585
0,I've been a horny virgin teen before and never did I wish to be locked in a cupboard of IKEA with them overnight... so not so much bud,NEGATIVE,0.9907641410827637
0,"If your daughter is an infant, my wife swears by cluster feeding in the hours before she goes to bed.",NEGATIVE,0.9928411245346069
0,Feeeeeeemales!,NEGATIVE,0.9859793782234192
0,"True but this book is the wrong shape and look at the back, that's obviously one of those author description pages",NEGATIVE,0.9983396530151367
0,"If you enjoyed the 1st Season, and want to see everything MCU, then yeah.",NEGATIVE,0.9997745156288147
0,"And of course that responding to Trump's brand of hate with violence is escalation and actually detrimental, unlike with the far worse Nazis.",NEGATIVE,0.9986926913261414
0,"It's ridiculous, I don't like privatization, but if they were competent I would have taken it.",NEGATIVE,0.9971503615379333
0,"I think this was the at-bat that solidified my respect/hate for Andrew Miller, that gangly fuck.",NEGATIVE,0.9984925985336304
1,"Damn, didn't know Samsung made VRMs aswell",NEGATIVE,0.9984495639801025
0,But I was just saying it would be interesting to use a book as a pillow since it's made of silk,NEGATIVE,0.9942347407341003
0,out event assignments are already posted in the back on the board near personal,NEGATIVE,0.9959926009178162
0,"Apart from any toxicity or fumes, that stuff is super slippery!",NEGATIVE,0.961199939250946
0,he drives around the world and gets all the glory?,NEGATIVE,0.9985992312431335
0,"HEY LIMP BIZKIT IS PRETTY GOOD I LIKE THE SONG WHERE THEY SAY ""ITS ALL ABOUT THE HE SAID SHE SAID BULLSH!T"" BECAUSE I THINK THATS A GOOD COMMENTARY ON MODERN COMMUNICATION ANYWAY WHAT IS YOUR FAVORITE LIMP BIZKIT SONG",NEGATIVE,0.999411940574646
0,Apple mark 1,NEGATIVE,0.9981980919837952
0,Just let the tires down on their mobility scooters or smear pie gravy in your pubic hair.,NEGATIVE,0.9995347261428833
0,Update your profile and prl.,NEGATIVE,0.9033677577972412
0,Goodbye.,NEGATIVE,0.9988669157028198
1,No Juno needs a buff... she sucks.,NEGATIVE,0.9942864775657654
0,"Well the EU commission wants a army within 5 years, so by the time people want to go out they might have a actual EU army keeping them in by force...",NEGATIVE,0.9914743900299072
0,Cause he wouldn't share with the kids in the Xfinity Series?,NEGATIVE,0.9989557266235352
0,I want to know how overwatch beats csgo in best esports game,NEGATIVE,0.6970911622047424
0,"I tried it with the snub and didn't get the execution then tried it with a nade and it worked, weird.",NEGATIVE,0.7277716398239136
0,This is why mom left,NEGATIVE,0.9994744658470154
0,"amen discretion motherfuckers, learn some.",NEGATIVE,0.9204868078231812
0,Is no one else slightly terrified that Trump can tweet and cause stocks to drop at will?,NEGATIVE,0.9922435879707336
0,top quality shitpost,NEGATIVE,0.8108680844306946
0,As long as he keep getting top ten recruits every year i don't see him getting let go.,NEGATIVE,0.848486602306366
0,Auto-kick cheaters is the default lobby option and I guarantee the majority of hosts are not going to intentionally disable it.,NEGATIVE,0.8633986115455627
0,"You should see Yuge's battlecry, its amazing, the best!",NEGATIVE,0.9998877048492432
0,r/holdmyturban,NEGATIVE,0.6853804588317871
1,"Man, that sounds terrifying!",NEGATIVE,0.99619460105896
0,"Hey looking here, a moron romanticising traitors!",NEGATIVE,0.9910563230514526
0,Is it deer season already?,NEGATIVE,0.9916630983352661
0,*Fushigi Yuugi: Genbu Kaiden*,NEGATIVE,0.9578539133071899
0,Draw dicks on his face with permanent marker.,NEGATIVE,0.6000781059265137
0,Not sure who that is anymore.,NEGATIVE,0.9995692372322083
0,:P,NEGATIVE,0.8282424211502075
0,Oh definitely: he's too liberal for the ultra-orthodox,NEGATIVE,0.9919707775115967
0,"We can't have nice things, so you can't either.",NEGATIVE,0.9992721676826477
0,Ahhh I get ya,NEGATIVE,0.8747031688690186
0,Finland,NEGATIVE,0.9965318441390991
1,"yeah, like the president is a big deal!",NEGATIVE,0.9996111989021301
0,"Worked, but it's lagging like hell...",NEGATIVE,0.9987825751304626
0,"Nah, woox just abused a glitch to make him immortal, bug abusing is bannable",NEGATIVE,0.9994161128997803
0,The deplorables are revolting!,NEGATIVE,0.9978698492050171
0,Yup!,NEGATIVE,0.9989991784095764
0,Pussy,NEGATIVE,0.9785126447677612
0,"You don't have to use the topic as a soapbox for how much you hate ""political correctness.""",NEGATIVE,0.9330987334251404
0,She accidentally deleted his email,NEGATIVE,0.9989326596260071
0,Crushed it.,NEGATIVE,0.999566376209259
0,You can get a dirt rally steam cd key for $15 I bought my copy at $19,NEGATIVE,0.9982518553733826
0,Also store chicken tastes like shit,NEGATIVE,0.9985793828964233
0,This is why we can fire people.,NEGATIVE,0.9916439652442932
0,Casual is great and the rebalances were amazing.,NEGATIVE,0.9998691082000732
0,More like a late night mustache ride.,NEGATIVE,0.9884406328201294
0,You are free to agree with him,NEGATIVE,0.9996556043624878
0,"Yeah, where I live brodozers and rolling coal is king so you can buy diesel most everywhere.",NEGATIVE,0.8954162001609802
0,r/the_donald is leaking,NEGATIVE,0.9997499585151672
0,E,NEGATIVE,0.814979612827301
0,When bourgeois scum,NEGATIVE,0.998153030872345
0,"Also, he talks a lot about BLM.",NEGATIVE,0.9964461922645569
0,Will do :d,NEGATIVE,0.9988654851913452
0,"Carrots, lettuce, sugar snap peas, red/green peppers, blackberries/raspberries, cucumbers, water, pen, pineapple, apple, pen.",NEGATIVE,0.8155623078346252
0,my kitchen doesn't have an exhaust fan of any kind :[,NEGATIVE,0.9935230016708374
0,He's really riding that pussy.,NEGATIVE,0.9027424454689026
0,No,NEGATIVE,0.9964459538459778
0,"At any time I look forwards to getting more people to see the power, **the true power of Medivh** For real, motherfucker's got it all, from utility to damage to making the enemy tear their lungs out.",NEGATIVE,0.943636953830719
0,Instead of a rover for the poles we should send solar powered drones =D,NEGATIVE,0.9985060691833496
0,The best advices always come from the best usernames.,NEGATIVE,0.9982648491859436
0,I hope this is satire,NEGATIVE,0.8834244608879089
0,I haven't lived in Mass since he got the job.,NEGATIVE,0.9857966303825378
0,/\,NEGATIVE,0.56035315990448
0,I like when the juice just dribbles down your chin and you gotta scoop it up with your finger and lick it all off.,NEGATIVE,0.8894929885864258
0,Or both,NEGATIVE,0.9635546803474426
0,Canada has changed and the us changed drastically from Bush to Obama.,NEGATIVE,0.8793978095054626
0,"I haven't been able to watch a single game on nfl mobile in almost 2 years, it never works for me for some reason.",NEGATIVE,0.9994968175888062
0,"FC, wireless, SDN, NFV I suppose - but I have a vested interest in all of this so you know, take it with a grain of salt.",NEGATIVE,0.7804677486419678
0,McCree,NEGATIVE,0.9861152172088623
0,You don't think it's weird that half the management of an IT company knows nothing about IT?,NEGATIVE,0.9967153072357178
0,I feel like Trump doesn't even realize why this is wrong....,NEGATIVE,0.9987483024597168
0,We have everything to lose by letting those in power keep doing what they're doing.,NEGATIVE,0.9905042052268982
0,Never gonna give you up,NEGATIVE,0.8632007241249084
0,"""X president will ruin the world, buy gold.?""",NEGATIVE,0.9981687068939209
0,Are they actually any different then regular hanes?,NEGATIVE,0.9980237483978271
0,Can you go negative?,NEGATIVE,0.9990890026092529
0,"Meh, my upper body blows his away.",NEGATIVE,0.9834303855895996
0,I'm going to be annoyed if players next year will be able to get Plague Doctor Izzy at a reduced price if it is in a chest.,NEGATIVE,0.9991710186004639
0,there are a lot of opinions you'll see on reddit that you won't hear from that exact same person in real life.,NEGATIVE,0.9769732356071472
0,"It's scheduled for 3PM PST -- so roughly 2 hours, 38 minutes from now.",NEGATIVE,0.9904853701591492
0,Got em fast feet boi,NEGATIVE,0.9985063672065735
0,I like kyle,NEGATIVE,0.9997331500053406
0,Underrated comment,NEGATIVE,0.6504642367362976
0,Them hips don't lie.,NEGATIVE,0.999393105506897
0,and Claudio,NEGATIVE,0.6956658363342285
0,Poem for your sprog,NEGATIVE,0.9494826793670654
0,"Crisis of confidence, I think.",NEGATIVE,0.9993990659713745
0,"True, fooking white people",NEGATIVE,0.9971089959144592
0,This is ridiculous!,NEGATIVE,0.9995765089988708
0,"Pitta has a great matchup, but Eifert is the clear guy here.",NEGATIVE,0.9992139339447021
0,"Yes, absolutely.",NEGATIVE,0.9998646974563599
0,You are not perfect...,NEGATIVE,0.9997368454933167
0,probably lol,NEGATIVE,0.9546643495559692
0,Such a shitty meme.,NEGATIVE,0.9997220635414124
0,Obligatory Satou,NEGATIVE,0.9985789060592651
0,I would leave a fedora on your tombstone.,NEGATIVE,0.9874769449234009
0,Wear it with your concealed carry,NEGATIVE,0.9394000768661499
0,Thank God someone set him straight!,NEGATIVE,0.994602382183075
0,How are they not material design?,NEGATIVE,0.9995439648628235
0,god i wish he was 8 years younger wed be fucking set.,NEGATIVE,0.9987260699272156
0,"The problem with this is how bad the AI is, you'd still never get a good feel for how the deck might fare in the meta.",NEGATIVE,0.9997898936271667
0,"That's ""Old America "" talk... ""new amerika"" is a workers paradise where streets are paved with gold and every citizen will be millionaire and have beautiful model wife and finest motor car surrounded by huge wall",NEGATIVE,0.9996650218963623
0,"It's your responsibility to vote for a candidate which will best defend and protect the rights for all citizens, stein, Bernie and johnson will not garnish enough votes for that..... so it's really Clinton vs trump.... Trump would soon be referred to as ""dear leader""",NEGATIVE,0.9920241832733154
0,"From the Yeezus Album, listen to Black Skinhead.",NEGATIVE,0.9839932918548584
0,Wat,NEGATIVE,0.5273139476776123
1,"A WHITE FUCKIN MALE is out to destroy 2 strong, independent women who just want to help America.",NEGATIVE,0.8730077743530273
0,He has the shot to make it work,NEGATIVE,0.9990355968475342
0,Add some walking to the calorie cutting too!,NEGATIVE,0.9491053819656372
0,"Is that Silicon Valley the TV show or The Valley, the amateur film made by a young Peter Jackson?",NEGATIVE,0.9985073208808899
0,What is Still Processing?,NEGATIVE,0.9958156943321228
0,Are those two things mutually exclusive... lol?,NEGATIVE,0.7370270490646362
0,Anything is better.,NEGATIVE,0.7358580827713013
0,It lists the mileage... I'm so tempted to inquire.,NEGATIVE,0.9692330360412598
0,provocateur strat,NEGATIVE,0.9977906942367554
0,Turnip Power?,NEGATIVE,0.9374442100524902
0,"Well, they own Tumblr.",NEGATIVE,0.9253471493721008
0,"This sub is for open ended questions, not yes or no questions, *even If you say ""why or why not""*",NEGATIVE,0.9968223571777344
0,She willingly did that to herself.,NEGATIVE,0.9882391691207886
0,m'edic.,NEGATIVE,0.8085723519325256
1,"Sweet, tax cuts coming soon!",NEGATIVE,0.9916793704032898
0,Is it bad that I've never gotten a sextuple kill?,NEGATIVE,0.9996318817138672
0,"How wonderfully, obliviously hypocritical.",NEGATIVE,0.9986512064933777
0,So then we can agree that Comey is an upstanding tower of justice and should not be denigrated by the Democrats?,NEGATIVE,0.988760769367218
0,asking twitchchat about legal actions is like asking hitler how to handle the refugee crisis in Europe,NEGATIVE,0.9963213205337524
0,He was clearly intimidated by the cars and was merely standing his ground.,NEGATIVE,0.9608311057090759
0,"You do have to contend with the retard strength once you catch them, though.",NEGATIVE,0.9577767252922058
0,HOT SAUCE,NEGATIVE,0.9951314926147461
0,&lt;3,NEGATIVE,0.969290018081665
0,Millions$$$$$,NEGATIVE,0.8783712387084961
0,That weird screech cry will always make me laugh,NEGATIVE,0.9989470839500427
0,I'm sure the person who made it like that did some sort of coding that automates the process using the schedule + logo images.,NEGATIVE,0.9986769556999207
0,Does Gaspen in 6-1 count?,NEGATIVE,0.988753080368042
0,The important part is that they all hate capitalism more,NEGATIVE,0.8717379570007324
0,Violence.,NEGATIVE,0.9995974898338318
0,That's like having an inquiry into murdered and maimed black boys and not looking at the 'hood.,NEGATIVE,0.9925814867019653
0,WEEEEEEEEEEEEEEEEEEEEEEEEEEEEWWWWWWWWWWWWWWWWWWWWWWWWWWWW WIKILEAKS MENTION ON NATIONAL TV,NEGATIVE,0.9524482488632202
0,Soon you will get to wear your flair again.,NEGATIVE,0.9995008707046509
0,\#SPORTSCLICHE,NEGATIVE,0.9873008728027344
0,"i was SUPER BUMMED thatW was""elected"" in 2000, but i would NEVER, EVER EVERRRRRR disrespect the President - ANY US POTUS in such a way.",NEGATIVE,0.9923462867736816
0,At least Dade is in LPL,NEGATIVE,0.9438381791114807
0,"I would have said ""When Code Grass S3 is announced"" but s3 has been announced so I can't use that anymore :(",NEGATIVE,0.998406708240509
1,"Oh, but didn't you know, being in a relationship means you totally have to just put up with their broke ass being a broke ass all the time?",NEGATIVE,0.9899749159812927
0,"btw if people want to try this however, you can wear the charged tome of fire (only takes 1 page to charge) and mist battlestaff to get infinite air water and fire runes.",NEGATIVE,0.9945912957191467
0,I'm glad you left too!,NEGATIVE,0.9973984956741333
0,Why did you not provide any proof or comparison?,NEGATIVE,0.9995717406272888
0,Indiana Jones and the crystal skull,NEGATIVE,0.995549201965332
0,Alt universe McCauley Culkin?,NEGATIVE,0.9870360493659973
0,"Noon for us, but that's because we're an Advanced+ with other events outside of Magic.",NEGATIVE,0.898322582244873
0,dude still probably hasn't recovered,NEGATIVE,0.9995965361595154
1,Yea that isn't demeaning to women at all...,NEGATIVE,0.9970443844795227
0,Spotted the Canadian,NEGATIVE,0.9983659386634827
0,It's just coughing and weird faces.,NEGATIVE,0.9993436932563782
0,You look like the love child of Zachary Morris and that trailer park girl he didn't want anyone to find out about,NEGATIVE,0.9923801422119141
0,Which one has the trashiest tattoos?,NEGATIVE,0.9909076690673828
0,"9P starts with 20 and can upgrade to 23 and then 37, 9UT starts with 23 and upgrades to 37, then 45.",NEGATIVE,0.983988344669342
0,Fair and I bet if he would have included a classified piece separately in the email he could get the entire email blocked from public release,NEGATIVE,0.9994075298309326
0,Battlefront,NEGATIVE,0.7176899909973145
0,"CS 1.6, Source and GO Cities skylines Getting steep in a bit.",NEGATIVE,0.9896934628486633
0,"Or a ""Your Welcome""",NEGATIVE,0.9996993541717529
1,But I want it to charge Super fast!,NEGATIVE,0.9984264373779297
0,"Right, but I don't think it makes sense to compare the mars vehicle to the shuttle with the booster attached",NEGATIVE,0.989107072353363
0,Hard drive requirements tend to include extra space for the file unpacking.,NEGATIVE,0.997086226940155
0,Definitely going in my Brago deck to hunt up swords - blink - sword - blink - sword - blink - sword :-D :-D :-D by your powers combined....he is captain voltron!,NEGATIVE,0.9967515468597412
0,Then don't downgrade if you want to play with everyone else?,NEGATIVE,0.5193520784378052
0,Wife got a Forester over a Tiguan a few months ago.,NEGATIVE,0.9936333894729614
0,sure you can remove the hdd and get a bigger ssd.,NEGATIVE,0.9981662631034851
0,only good thing about consoles is their controllers i really like playing with a xbox controller on pc but thats partly because my desk is shit so when i play with keyboard/mouse i sit so close to the monitor it makes my eyes hurt after a while lol.,NEGATIVE,0.9994683861732483
0,It's like people forget he's been in the league 13 years,NEGATIVE,0.9944233298301697
0,"""But this is just caused by muh goburnment intervention, dirty corporatists""",NEGATIVE,0.9993891716003418
0,All SERE School grads?,NEGATIVE,0.9958030581474304
1,yea cause Kobbe was so much better,NEGATIVE,0.6620354056358337
0,what's the secret?,NEGATIVE,0.9516702890396118
0,You just said it was due to anxiety?,NEGATIVE,0.9985927939414978
0,You're right we should never build anything ever because it might fail at some point and cause problems.,NEGATIVE,0.9750267863273621
0,But her niece isn't running yet,NEGATIVE,0.9765432476997375
0,Is your dad a cat?,NEGATIVE,0.972024142742157
0,Kek,NEGATIVE,0.8521936535835266
0,"I'll never hear the end of being called cute, will I?",NEGATIVE,0.6030886173248291
0,And then looked at... WHATEVER YOU CALL THAT!,NEGATIVE,0.9722872972488403
0,loads of chinese syndras go it for the extra dmg on ionia,NEGATIVE,0.9937469959259033
0,"Other than his stance on border security and extreme vetting on people immigrating from countries where ISIS currently reside and operate from, what makes Trump a racist monster?",NEGATIVE,0.9958546757698059
0,The seasons before they did this were absolute worst seasons they ever made,NEGATIVE,0.9997865557670593
0,115 from black ops 1 zombies,NEGATIVE,0.9563410878181458
0,also because*,NEGATIVE,0.7498928904533386
0,Out of curiosity what does it do?,NEGATIVE,0.9762247204780579
0,You were being misled in high school.,NEGATIVE,0.9933846592903137
0,Where do you live lmao,NEGATIVE,0.7827117443084717
0,"Were those who boycotted South Africa and only South Africa, where they considered racist?",NEGATIVE,0.9975354671478271
1,I might have dropped this:,NEGATIVE,0.9949413537979126
0,"Possibly, however, the internet is definitely opening our eyes to sexuality at a much younger age.",NEGATIVE,0.9944896697998047
0,fuck this is a good deal,NEGATIVE,0.9980664849281311
0,Threads from PCMasterRace are kinda cheating.,NEGATIVE,0.9994899034500122
0,Twitter yesterday.,NEGATIVE,0.7159991264343262
0,In 2012 I was shitting my pants at this point as the polls were really tight.,NEGATIVE,0.994196891784668
0,This is how I am going to explain it next time someone asks me why they need pilots.,NEGATIVE,0.9978392720222473
0,"""Said""",NEGATIVE,0.9983944296836853
0,"Something relevant to what I know of him and his personal interests, and not something recommended by strangers on the internet who don't know us.",NEGATIVE,0.7403144240379333
0,More whistle!,NEGATIVE,0.8826980590820312
0,I read it on facebook it must be true!,NEGATIVE,0.9983397722244263
0,He's gonna build a wall and make the dogs pay for it,NEGATIVE,0.9930757284164429
0,"lots of comments below that this isn't cringeworthy, but for me the bad acting *was* the cringe.",NEGATIVE,0.9993159770965576
0,"This is intended, iframes provide no protection from sudden death fog.",NEGATIVE,0.9972712397575378
0,So Obama used a false chemical weapons report to start a proxy war with Russia?,NEGATIVE,0.9989307522773743
0,Chron pretty much scrapes Reddit like Buzzfeed and all those clickbait sites do.,NEGATIVE,0.9995506405830383
0,Play with my boobs,NEGATIVE,0.9861717820167542
0,**WITNESSED**,NEGATIVE,0.993453860282898
0,The answer to your second question is 100% - (the answer to your first question).,NEGATIVE,0.9835535287857056
0,"I feel like the gay only one would have the best cakes, so this would backfire on the rest of us.",NEGATIVE,0.9616641402244568
0,He got too distracted by that hot piece of ass,NEGATIVE,0.9953813552856445
0,"Not trying to be a dick, you can shit-talk all you want, just on first timers and novices usually being positive is a better approach, or at-least being neutral, novii in my experience are soft af.",NEGATIVE,0.9887885451316833
0,Putin just needs to donate to the Clinton Foundation,NEGATIVE,0.9902005791664124
0,Grew up in the center...can confirm it is like Alabama.,NEGATIVE,0.992436945438385
0,So viral in fact that bullshit is coming out of both ends.,NEGATIVE,0.994742751121521
0,"Keep alienating 65% of the electorate, worked so well in 2016",NEGATIVE,0.9931118488311768
0,I upvoted it 3 times cause its posted 3 times,NEGATIVE,0.9544237852096558
0,I'm not following your explanation re: the law in those situations.,NEGATIVE,0.9995620846748352
0,Pretty sure a lot of people are annoyed by TSM fans too :c,NEGATIVE,0.9983015060424805
0,Didn't end too well for him.,NEGATIVE,0.9988468885421753
1,I'm just going to subsist on G Fuel all weekend.,NEGATIVE,0.592320442199707
0,I'm sensing some bitterness for being a fan of a team that's been a basement-dweller for the past 2 decades,NEGATIVE,0.9859865307807922
0,Maybe it was shared on Robber number 2's channel?,NEGATIVE,0.9981111288070679
0,"I wish I knew I liked biology better so I would have done that instead, hahaa.",NEGATIVE,0.999363362789154
0,Why did you delete it?,NEGATIVE,0.9995250701904297
0,"I feel like these have been lacking the last few weeks, esp the jets one, but I'm loving this one",NEGATIVE,0.9997071623802185
0,Well when calexit happens you will be welcomed as a refugee as someone who yearns to shoot a (real) AR-15 freely.,NEGATIVE,0.643812894821167
0,Gotta support the reasonably priced local brews that don't taste like piss,NEGATIVE,0.9350727796554565
0,They were BFF not literal brothers.,NEGATIVE,0.9900330901145935
0,If gamboa works out I doubt he'll be back.,NEGATIVE,0.9709950685501099
0,"Sure why not, just know that the pay day isn't going to be that big",NEGATIVE,0.9979744553565979
0,For the west lul,NEGATIVE,0.9682060480117798
0,Vat da faack?,NEGATIVE,0.9963387250900269
0,Never underestimate the enemy - no matter how stupid they are,NEGATIVE,0.5418204665184021
0,"It's probably the least ""cheap"" production literally EVER in a TV show.",NEGATIVE,0.9996887445449829
0,"solo ult, what a scrub",NEGATIVE,0.9964313507080078
0,Well that's a good thing I guess!,NEGATIVE,0.9998452663421631
0,They've got nothing on Turk and JD from Scrubs.,NEGATIVE,0.9985670447349548
0,"Did she blame ""lying"" Hillary Clinton and then deny saying it later?",NEGATIVE,0.9956854581832886
1,Vayne,NEGATIVE,0.8398057222366333
0,"They would also have to accept as valid blocks they don't even know how to parse, if enough miners accept them.",NEGATIVE,0.998261034488678
0,Stood up on a stage in a club in Shanghai and was dancing with a friend until the place closed and it was just a bunch of old Chinese people staring at us who eventually kicked us out.,NEGATIVE,0.9982956051826477
0,So this is literally that episode of South Park where Cartman gets put through the tunnel?,NEGATIVE,0.9952405691146851
0,something you afraid might leak about you Marco?,NEGATIVE,0.9926328063011169
0,seriously...seems like it would be done pretty quickly by the family of one of his victims.,NEGATIVE,0.9992753863334656
0,Depends on how many people I piss off online any given day.,NEGATIVE,0.9993415474891663
0,Cough cough cough,NEGATIVE,0.9963425993919373
0,How would Trump make money from drilling 8n the arctic?,NEGATIVE,0.9988692402839661
0,Well it's damn good when I use it,NEGATIVE,0.9998483657836914
0,Kirito is Cute I'm Not joking,NEGATIVE,0.9829950928688049
0,Yeah bring back the dank cheese full crit Vamana with goldenbow strats,NEGATIVE,0.9573555588722229
0,"On average, how often do you meme?",NEGATIVE,0.5705481767654419
0,Programming level 99,NEGATIVE,0.9919793605804443
0,Must be so hard to have a losing season,NEGATIVE,0.893427312374115
0,Malwarebytes didn't find anything either and my popup blocker is enabled,NEGATIVE,0.9979965090751648
0,"I honestly wouldnt mind if DE decided to take a look at all weapons that were ""X weapon but worse in every way"" and give them some unique mechanic so that we dont just have like 20-30 useless weapons compared to the others.",NEGATIVE,0.9962754249572754
0,We have the best celebrities,NEGATIVE,0.9998761415481567
0,Because name something less important to bitch over.,NEGATIVE,0.9932616353034973
0,Troll twitter account,NEGATIVE,0.9957185387611389
0,"oh, *growth* hormones.",NEGATIVE,0.9696900248527527
0,That's exactly what I meant.,NEGATIVE,0.9994199275970459
0,Thanks for the support man :),NEGATIVE,0.999575674533844
0,I still think the recipes for factories take way too much of quite rare materials,NEGATIVE,0.9997738003730774
0,Are you actually defending Hitler?,NEGATIVE,0.9931220412254333
0,I saw a flat earth map and laughed my ass off because if you were to go west from california you'd hit the ice wall rather than asia,NEGATIVE,0.9974700212478638
0,it put me in debt,NEGATIVE,0.9895233511924744
0,,NEUTRAL,0.5
0,r/titlegore,NEGATIVE,0.9088371992111206
0,*The paranoid survive*,NEGATIVE,0.9949122667312622
0,Try laning against Caitlyn/MF/Jhin/Jinx.,NEGATIVE,0.9000821113586426
0,Yeah sorry about that.,NEGATIVE,0.9988839030265808
0,Two words - John fucking Moss.,NEGATIVE,0.993057370185852
0,"Thanks, took me a while",NEGATIVE,0.9997243285179138
0,Clean hit.,NEGATIVE,0.9986258745193481
0,Tf does that have to do with popping dolphins and bagels,NEGATIVE,0.869229793548584
0,"After blast, after cruise",NEGATIVE,0.996593177318573
0,how expensive?,NEGATIVE,0.995804488658905
0,"this was submitted one day ago, you couldn't have found it, unless you stalk my posts.",NEGATIVE,0.9989023208618164
0,Yeah.. but you're not a 16 year old girl?,NEGATIVE,0.7387701869010925
0,They also have to worry about some higher up breaking their balls about unduly allowing a plane to be destroyed without trying to save it,NEGATIVE,0.9975103139877319
0,300% ld,NEGATIVE,0.8760918378829956
0,"How early game, before Abyss Watchers, before Vordt?",NEGATIVE,0.998155415058136
0,A lil HEL-O,NEGATIVE,0.9920807480812073
0,"The Oxford comma is against my work style guidelines, so naturally I slip it in surreptitiously everywhere that I can.",NEGATIVE,0.9902903437614441
0,I think you have to use a grapefruit,NEGATIVE,0.9986652135848999
0,"""So... I'll just put you down as not-quite-as-white-as-I-accept"".",NEGATIVE,0.9992043375968933
0,Don't leave me hanging man,NEGATIVE,0.9325951933860779
0,rubbish and off the point,NEGATIVE,0.9996929168701172
1,"Yes, Switzerland's black ops are pulling off special operations all around the world protect its citizens high standard of living.",NEGATIVE,0.9906889200210571
0,"Why thank you, based non-subbed, individual.",NEGATIVE,0.9995977282524109
1,Hillary Clinton is a saint,NEGATIVE,0.998440682888031
1,Fuck anyone from NJ,NEGATIVE,0.9993591904640198
0,"""Od-de dogg ass"" By Polo Woof Lauren",NEGATIVE,0.9961175918579102
0,"By Trump-Logic, as displayed many times, that number is actually 8 million votes.",NEGATIVE,0.9502925872802734
0,You've just been nominated for Trump's AG,NEGATIVE,0.9167007207870483
0,point is that is pretty crazy to omit them even now,NEGATIVE,0.9976686835289001
0,And she got into Harvard.... wtf?,NEGATIVE,0.9669963121414185
0,Sliding Baez down seems like a good move.,NEGATIVE,0.9994058609008789
0,Google might be a great place to try typing in that question for an answer faster .,NEGATIVE,0.9969335794448853
0,"those biscuits are hers, touch them and she might stab you",NEGATIVE,0.9751064777374268
0,Not that I've noticed - do you have the volume cracked to full blast?,NEGATIVE,0.9992513060569763
1,Gotta save our children from the dangers of text on a screen in a rhythm game,NEGATIVE,0.9815381765365601
0,Henry,NEGATIVE,0.9917815327644348
0,"It affects their life in the same way someone of another race, color or religion would when ordering a cake from them.",NEGATIVE,0.9229698181152344
0,"ED is incredibly grindy, in my experience :-/",NEGATIVE,0.9994543194770813
0,Well........ that didn't take long.... I haven't seen millions clock over that fast since the good old days of 2013 when LTI-on-everything was ending on all OB/VB purchases.,NEGATIVE,0.9846600890159607
0,"He's not saying it's NV's fault, just that they had an easy three matches to qualify compared to some other teams.",NEGATIVE,0.8065927624702454
1,SEC wins count twice to the committee,NEGATIVE,0.9976711869239807
0,"They know they want to, just need some pushing I guess",NEGATIVE,0.9950290322303772
0,If there was a court order for the wiretap then its admissible but if not then yes its the fruit of a poisoned tree.,NEGATIVE,0.9942793846130371
0,We'll see soon enough.,NEGATIVE,0.9997323155403137
0,"I really really wish the ""dodged a bullet there"" comment worked in this case.",NEGATIVE,0.9988627433776855
0,"Article says he left the company...but yeah, more to this story.",NEGATIVE,0.9306775331497192
0,I'm going to have to remove this for rule #1.,NEGATIVE,0.999473512172699
0,I am sure shipping and handling will be over 50,NEGATIVE,0.9918986558914185
0,Why is this a female only thing?,NEGATIVE,0.9952464699745178
0,The daily crystals you get more than payout a sim tix shipment.,NEGATIVE,0.9571471214294434
0,"Honestly, its all going to be fine.",NEGATIVE,0.9995309114456177
0,Not for bespoke.,NEGATIVE,0.9885843992233276
0,It gets around hexproof if you control one as well.,NEGATIVE,0.917618453502655
0,"uhhhh NBCSN, that was definitely not our first successful coach's challenge",NEGATIVE,0.9996792078018188
0,Maybe Fox *really* doesn't like coaching in the city of Chicago?,NEGATIVE,0.9958959817886353
0,Big muscles,NEGATIVE,0.9990397095680237
0,Are we neighbors?,NEGATIVE,0.7990797162055969
0,Obama's face is the best thing about this picture,NEGATIVE,0.9991928935050964
0,"Let me guess, a 2016 ST that was purchased after July?",NEGATIVE,0.9981260895729065
0,Fresh Squeezed IPA = delicious,NEGATIVE,0.9996054768562317
0,Drink,NEGATIVE,0.9436891674995422
0,Sam Wang?,NEGATIVE,0.9918574690818787
0,"I mean they did vote for the party that preaches ""personal responsibility.""",NEGATIVE,0.9896897077560425
0,*SCREAMS IN AGONY*,NEGATIVE,0.9972255229949951
0,Ah yes because so many of us remember the 60s,NEGATIVE,0.9990779161453247
0,Sturt?,NEGATIVE,0.9800553321838379
0,"Their *existence* is worth it, but they still need heavy reforms.",NEGATIVE,0.75802081823349
0,It was never approved because it wasn't material designed,NEGATIVE,0.9997687935829163
0,"Why are they promoting the ad-ridden, non material, shill weather channel instead of weather timeline",NEGATIVE,0.9993602633476257
0,"Harambe is a meme, and he is dead.",NEGATIVE,0.9986419081687927
0,Back in the 80's and very early 90's that wasn't bad.,NEGATIVE,0.9981421232223511
0,"""Something like that'",NEGATIVE,0.9983474016189575
0,Currently in stat and holy shit this just helped enormously in getting the concept of P tests down,NEGATIVE,0.9909244179725647
0,"Well that, tagged with the Democrats condemnation of racism, especially at the federal level.",NEGATIVE,0.7660324573516846
0,he is trying to tell you that he can't afford it so white people should give them up to the deprived black college students.,NEGATIVE,0.9982945322990417
0,"There is no legal standpoint, the school administration can with few limits bar whoever they want from the property.",NEGATIVE,0.9986031651496887
0,It's possible to get below -99?,NEGATIVE,0.9896450042724609
0,it was.,NEGATIVE,0.9975060820579529
1,"Ahh, the glorious american cuisine.",NEGATIVE,0.9998531341552734
0,I heard that there was a firmware update that got rid of that issue.,NEGATIVE,0.9978725910186768
0,Good Rexy.,NEGATIVE,0.9998470544815063
0,Kira didn't get outclassed till Nyami came out :/ Medal rush.,NEGATIVE,0.9808043837547302
0,"Yeah, I just got a loan from them for this school year as a full time student.",NEGATIVE,0.9862408638000488
0,"I've noticed my level 10+ construction pawns struggle to build even good items in A16, never mind superior or above.",NEGATIVE,0.9748704433441162
0,We can't read anything on your blurry photo,NEGATIVE,0.9993727803230286
0,Because people drive here.,NEGATIVE,0.9885656237602234
0,Only about 60% of states have this law though,NEGATIVE,0.8282236456871033
0,"*Better run better run, outrun my gun..*",NEGATIVE,0.9986843466758728
0,Be honest with yourself get control of your emotions plan in concrete and keep your intention clear,NEGATIVE,0.9988142251968384
0,"The best part is that this is what they were demanding, roflmao!",NEGATIVE,0.8370033502578735
0,"They're pretty solid, I don't see them gaining much popularity in general though.",NEGATIVE,0.9997122883796692
0,"ISIS == Radical Islam... just my assumption, but maybe she's been fighting radical Islam for that long?",NEGATIVE,0.9964562058448792
1,Im more curious of how the coffee is burnt,NEGATIVE,0.9837830662727356
0,The confusion of a Trump presidency will probably be worse.,NEGATIVE,0.9996505975723267
0,"That is helpful to know, since sometimes people have strong preferences for one or the other but won't explain why or actually do a side-by-side test.",NEGATIVE,0.9335494041442871
0,"Improved - Wennberg, asserting himself this year and his play has improved the guys on the ice with him Regressed - Murray - projected 1D that has become an after thought bc of the improvement of the rest of the D. Misplays a lot of pucks, scrambles a lot and is invisible when he's not doing that.",NEGATIVE,0.5947654843330383
0,Looks like 2 Americans to me.,NEGATIVE,0.9335303902626038
0,"If i run it again, itll replace it with a new cert and invalidate the old one",NEGATIVE,0.9997683167457581
0,"The videos, photos, testimony, and written records, of the Holocaust and Japan's units in China.",NEGATIVE,0.8978024125099182
0,"Matthews got 4 goals and his team got a point, that equals 5",NEGATIVE,0.9994805455207825
0,such an insufferable twat.,NEGATIVE,0.9995562434196472
0,Oh shit IRL Piggy Man,NEGATIVE,0.9939392805099487
0,Good.,NEGATIVE,0.9998157620429993
0,wat,NEGATIVE,0.5273139476776123
0,It wasn't an attack on the media it was a revenge killing that happened to take place at a news related field.,NEGATIVE,0.9945365190505981
0,Just go to the r/theocho for your sports needs,NEGATIVE,0.9854034781455994
0,r/catsstandingup,NEGATIVE,0.9140349626541138
0,Sandstorm,NEGATIVE,0.6889890432357788
0,It's in South Korea though,NEGATIVE,0.926971971988678
0,"Wait, yesterday she said she felt great.",NEGATIVE,0.9997853636741638
0,i guess this is my life now...,NEGATIVE,0.9779806137084961
0,It's a drop in the bucket in terms of spending and is a solid investment for infrastructure in the long term.,NEGATIVE,0.9997876286506653
0,Or be like most Kallari players and do nothing but wait around till someone is low health and take all the credit for the kill.,NEGATIVE,0.9948845505714417
0,I play on stable 14 ping tho most of my friends are below 10 (i have the worst internet) so it's a really big difference for us,NEGATIVE,0.7773111462593079
0,Hopefully I will never reach that level.,NEGATIVE,0.9989656209945679
0,I'll admit it's an irrational fear.,NEGATIVE,0.9865056872367859
0,"""How'd you like to *deflate these balls*""",NEGATIVE,0.9964600205421448
0,Protecting Drouin after a nasty looking hit.,NEGATIVE,0.8958856463432312
0,No Country for Old Men,NEGATIVE,0.9776037931442261
0,"Try washing the shirts inside out, that's what I do.",NEGATIVE,0.9431232810020447
0,Already broken... just recently read about couple found similar fashion been dead est 5000-6000 years.,NEGATIVE,0.9971000552177429
0,"'this too, shall pass'",NEGATIVE,0.8934767246246338
0,Well hopefully Lemieux and tkachuk go at it for years to come.,NEGATIVE,0.9990655779838562
0,"For some reason my brain was seeing ""QR Code"" Rick Astley",NEGATIVE,0.9771820902824402
0,"Rossi is also damn quick in rally, he isn't just a motogp racer and has more promise than Werhlien in my opinion.",NEGATIVE,0.9994723200798035
0,How am I supposed to fap then?,NEGATIVE,0.9981465339660645
1,It just never stops being funny guys.,NEGATIVE,0.9939360022544861
0,"I'm saying that just because Trump says those things, it doesn't mean that his voters share the sentiment.",NEGATIVE,0.9049607515335083
0,You won't be able to log in using your information before the launch happens.,NEGATIVE,0.9987232089042664
0,He also didn't mention that the 430 has STB levels of trash gun handling so chai sniping is hard,NEGATIVE,0.9915010929107666
0,He can draw it up so all you have to do is date it and mail it,NEGATIVE,0.8025240302085876
0,Ohhhhh Yeeeeeeeeeeeeeeeeeeeeeeessssssss,NEGATIVE,0.9874282479286194
0,I wonder if the new dispatch layer is capable of handling the legacy nvidia binaries?,NEGATIVE,0.9978419542312622
0,"Whether he won because of his racism or in spite of it, neither is very comforting.But if this was really just a rebuke of the status quo, then why did most establishment Republicans keep their seats?",NEGATIVE,0.998556911945343
0,fucking thank you,NEGATIVE,0.9997332692146301
0,cocaine,NEGATIVE,0.9963272213935852
0,Would you say he's better than Chipper or Prime Longoria?,NEGATIVE,0.9970396161079407
0,"bike theft is rampant everywhere because its easy to steal them.. most people that see someone stealing one just assumes it is theirs and they forgot the combo to the lock or key or something, as well as cops are dicks and often don't take bike theft seriously.",NEGATIVE,0.9962260723114014
0,...that probably can be revealed by paternity testing.,NEGATIVE,0.9700872302055359
0,"To be fair those ""about me"" papers are a lot harder to write than a lot of other things.",NEGATIVE,0.999106228351593
0,Try now.,NEGATIVE,0.8650767803192139
1,Because society tells them to our they're not cool.,NEGATIVE,0.9995120763778687
0,Is that Android Studio?,NEGATIVE,0.9965740442276001
0,Think the arc is considered to be infinite vertices.,NEGATIVE,0.7390305995941162
0,"I mean words are constructs, but I wouldn't call them spooks in that they exist for a real purpose that is practical.",NEGATIVE,0.9838598966598511
0,"There's been counties where it does come down to one vote, especially in close swing states.",NEGATIVE,0.9895716905593872
0,"Man, if only the DNC had this advice.",NEGATIVE,0.9946725964546204
0,"""Just"" a two hour documentary about Boron?",NEGATIVE,0.9974428415298462
0,DUTCHY SCORES AT HOME!,NEGATIVE,0.9997100234031677
0,"Was going to link my roster but for some reason, possibly the shitty work broswer i have to use, i can't add characters to it lol",NEGATIVE,0.9996590614318848
0,the addition of Axomamma the goddess of potatoes thats all i want,NEGATIVE,0.9907987117767334
0,Ama is weak early but is a teamfight monster shlong is good early with his basic attack damage and have some utility latevgame with his ult,NEGATIVE,0.9946657419204712
0,It's a survey of people who've already voted.,NEGATIVE,0.98054438829422
1,Damn Karma whores,NEGATIVE,0.9974672794342041
0,I havea birthmark that looks like Boba Fett's spaceship.,NEGATIVE,0.9936006665229797
0,"Best case scenario, you lose your job and the only people that believe you are 'conspiracy theorists' anyway.",NEGATIVE,0.9997251629829407
1,Teams should just perpetually keep us on the power play that way they shut us out every time!,NEGATIVE,0.9712825417518616
1,"She should just get out of the way so the spoiled, corrupt, tax-dodging, draft-dodging, groping, lying, alleged child rapist can be president.",NEGATIVE,0.9992775321006775
0,Yea,NEGATIVE,0.7720590233802795
0,"Not interested, sorry",NEGATIVE,0.9997501969337463
0,"Well Nairo's Lucina has been getting some pretty big wins recently, too.",NEGATIVE,0.9997400641441345
0,"Damn you're on the same level as my mage, he's got sephuz and the blink shield chest...",NEGATIVE,0.9761191606521606
0,DON'T YOU WANT ME PEPE,NEGATIVE,0.9987415671348572
0,Luca Sbisa.,NEGATIVE,0.9760268330574036
0,Scared to come out maybe?,NEGATIVE,0.9986532926559448
0,"This doesn't necessarily mean those actors got the information in time, just that one call was made out to an organization somewhere a month prior.",NEGATIVE,0.9980329871177673
0,I for one welcome our Hate Toad overlords!,NEGATIVE,0.992084264755249
0,r/thathappened,NEGATIVE,0.9898836016654968
0,Must be a freshman.,NEGATIVE,0.831790566444397
1,great offer!,NEGATIVE,0.9998375177383423
0,"Some brands this is actually how they tell you to prepare it, like pancit Canton.",NEGATIVE,0.7701566815376282
0,El Rotoplas,NEGATIVE,0.9819852709770203
0,"The character Indiana Jones WAS loosely based on a real explorer, but his adventures were a tad exaggerated.",NEGATIVE,0.9948800802230835
0,"Oh look, here's messenger lite so you can stop complaining",NEGATIVE,0.9905701875686646
0,Snuck up.... on Princess's star pupil... She just walked up behind her with a big axe and bashed her brains in.,NEGATIVE,0.9787703156471252
0,I find it extremely hard to believe Republicans will end up backing marijuana before the Democrats.,NEGATIVE,0.9993234872817993
0,"""a matter of great principle""... This will not fare well for Mike Baird.",NEGATIVE,0.9995076656341553
0,Yes but the companies I listed are Singaporean and it's not like we have any other half decent E-Sports teams.,NEGATIVE,0.998489499092102
0,Would ya look at that spiky boy,NEGATIVE,0.9977645874023438
0,"THE TURKEY WAS HIGH, AND I WAS HIGH, TOO",NEGATIVE,0.935704231262207
0,"Clipping your nails, keeping your hair under control and wearing clean clothes is not excessive...",NEGATIVE,0.9971786737442017
0,"Spoilers, but from what I understood (from the explanations I looked up after watching it, lol), the entire movie was pretty much a fantasy of the main character because in real life she was envious that she wasn't chosen to be the famous actress, and so the entire movie up until the box is her ""fantasy"" in which everything goes her way and she is the star, as well as a coping mechanism that explains why she didn't get the part (like having to go help her friend right before her audition.)",NEGATIVE,0.9948657155036926
0,It's clearly a joke,NEGATIVE,0.998408854007721
0,un anglofob!,NEGATIVE,0.9820598363876343
0,2in1,NEGATIVE,0.7100440263748169
0,NFL already came out and said this incident will not affect his playing status.,NEGATIVE,0.9948764443397522
0,There not going to say anything about skins in patch notes but I imagine its going to be added,NEGATIVE,0.9801100492477417
0,The experts have have been wrong about everything though.,NEGATIVE,0.9840288758277893
0,"So people hope when Twitter actually makes money, they get a return?",NEGATIVE,0.9940676689147949
0,Glenn,NEGATIVE,0.9964438080787659
0,We have the hit TV show Empire.,NEGATIVE,0.9957564473152161
0,Fake news joke,NEGATIVE,0.9991625547409058
1,"But it's her turn, plus it's a woman President!",NEGATIVE,0.9996885061264038
0,Actually thought that's what the post was asking :/,NEGATIVE,0.8649764060974121
0,And they're always thankful even though I probably gave them worthless shit,NEGATIVE,0.9955686926841736
1,"The tables have turned..., stop trying to one up everyone",NEGATIVE,0.9994003772735596
0,well that was what i was going for so mission accomplished,NEGATIVE,0.999376118183136
0,No way...I just got first place in the Fast Egg Shaped Piece of Animal Skin Filled With Air Carrying Competition at nationals,NEGATIVE,0.9884472489356995
0,"I know but i've seen multiple times they revert bans on hijacked accounts, when i was banned i frst wanted my account back but i realised that wasnt happening, so maybe i was hacked, but how can i know if they don't reply to me :/ i had max security as well so i don't even bother with that anymore as well lol",NEGATIVE,0.9990070462226868
0,Bruh if I knew,NEGATIVE,0.9928897619247437
0,Or while he's shitting into a bed pan,NEGATIVE,0.9992951154708862
0,Obligatory: Who?,NEGATIVE,0.9979594945907593
0,"Hey mang, not my grandmaw, saw the picture on Twitter and thought I would post it here.",NEGATIVE,0.8073853850364685
0,"Woah, man!",NEGATIVE,0.9971643090248108
1,"He probably just didn't want to read them because it's illegal to read them and only the news media can see them, duh.",NEGATIVE,0.9996379613876343
0,Why do you think Zezima is a girl?,NEGATIVE,0.9937665462493896
0,**HATE**,NEGATIVE,0.997405469417572
0,One arm underneath you.,NEGATIVE,0.9909539818763733
0,"well in that case, warhammer with all the DLC, and i mean ALL.",NEGATIVE,0.7154480218887329
0,"This is how the world ends, not with a bang, but with a Pepe.",NEGATIVE,0.8180016875267029
0,I'm too high for this shit,NEGATIVE,0.9990673661231995
1,We all know Hanzo is super original and clearly the first Japanese bow character ever,NEGATIVE,0.9996833801269531
0,"Guys, it's a troll account.",NEGATIVE,0.9971590042114258
0,I miss my yellow loopers gl :( to whoever buy these babies,NEGATIVE,0.9994542002677917
0,Well fuck...,NEGATIVE,0.9990070462226868
1,If only this could have been prevented :(,NEGATIVE,0.9836681485176086
0,Inb4 'dont' and 'never' are TOP comments.,NEGATIVE,0.9982865452766418
0,Dent them until they get narrow and make the net bigger,NEGATIVE,0.9961357116699219
0,"There's actually no point in this, as they're in the same universe and contain shoutouts to previous SciADV games (Chaos;Head shoutouts in Steins;Gate, and shoutouts to Steins;Gate (along with Nae being an actual character) in Robotics;Notes)",NEGATIVE,0.9986981153488159
0,"Nice way to show how out of touch you really are, saying problems with the car are mistakes.",NEGATIVE,0.9977587461471558
0,Ahh the offseason.. where people try to make the next meme.,NEGATIVE,0.9980301260948181
0,Any rng based hero ;(,NEGATIVE,0.6025984287261963
0,No,NEGATIVE,0.9964459538459778
0,Aren't we all?,NEGATIVE,0.839504599571228
0,How'd they catch you?,NEGATIVE,0.9773110747337341
0,"Well, let's hope so.",NEGATIVE,0.9977728724479675
0,"Well, that was depressing.",NEGATIVE,0.9997368454933167
0,A joke?,NEGATIVE,0.9975740313529968
0,"Judging by the (mostly small) polls on the subreddit, it's the haters who are the minority, but it's pretty close.",NEGATIVE,0.984798014163971
0,According to the official Chelsea website there is.,NEGATIVE,0.9802191853523254
0,"I bought mine at full price and I still think it was worth it, if you're getting this at a discount I think you're getting a good bargain.",NEGATIVE,0.9997633099555969
0,Aww.,NEGATIVE,0.9975735545158386
0,So most of the great powers from the 19th-20th century...?,NEGATIVE,0.9990560412406921
0,"If we are looking at it from an Eastern Europer POV, yes you are fucking rich.",NEGATIVE,0.9963625073432922
0,Stack them and they take up ~3sqft...That's not a lot of space.,NEGATIVE,0.9997509121894836
0,They only spawn units like crazy if their scout discover your city and manage to get back to a camp.,NEGATIVE,0.9843511581420898
0,"I only have 2 hands, so I put a small tape strip on my screen",NEGATIVE,0.9971526861190796
0,Everyone dies near the beginning?,NEGATIVE,0.99964439868927
0,Gee I wonder,NEGATIVE,0.9868115782737732
0,Nope haha i was the one taking those uninspiringly crappy pictures,NEGATIVE,0.9997256398200989
0,I went to google images and holy shit!,NEGATIVE,0.9930123686790466
0,Looks like he just saw the three Christmas Spirits,NEGATIVE,0.8858959674835205
1,Fuck YOU,NEGATIVE,0.9923542737960815
0,*,NEGATIVE,0.9803916215896606
0,Refuse to accept a million dollars.,NEGATIVE,0.99950110912323
0,"Hey Fukuoka, Fuk U Oka^y",NEGATIVE,0.9623673558235168
0,Or reheat it in the oven.,NEGATIVE,0.9884045124053955
0,Didn't need to be a 60 minutes stand alone episode,NEGATIVE,0.6473838090896606
1,Said the under 2k post karma guy *expert*,NEGATIVE,0.8424140810966492
0,It could blow up my pc fam to important,NEGATIVE,0.9995843768119812
0,Helldivers,NEGATIVE,0.8034084439277649
0,Bingo.,NEGATIVE,0.579656183719635
0,"It is, just separatists being dumb-shits as always.",NEGATIVE,0.9992852807044983
0,"Sure, but she has the intent to send them in the first place.",NEGATIVE,0.7111715078353882
0,Have you no shame?,NEGATIVE,0.9951437711715698
1,You deserve and execution!,NEGATIVE,0.915420413017273
0,What's the point then?,NEGATIVE,0.9604902863502502
0,This comment makes me so hungry,NEGATIVE,0.9947102069854736
0,"No, we're all rendered on an N64.",NEGATIVE,0.9990992546081543
0,"Hey, I remembered something!",NEGATIVE,0.9984275102615356
0,"OP, with regards to your username, I must see some proof in order to believe you.",NEGATIVE,0.9007841944694519
0,Depends on where you are at.,NEGATIVE,0.9818938970565796
0,Moire sesh,NEGATIVE,0.925118088722229
0,I agree it makes the most persistent coffee rings on anything it touches.,NEGATIVE,0.9987316727638245
0,Have fun cleaning the eggs and toilet paper off your walls,NEGATIVE,0.9841540455818176
0,gold for you,NEGATIVE,0.9998420476913452
0,Who buys black play-doh?,NEGATIVE,0.9992966651916504
0,They're slowing down but every now and then they buy another % or 2 of the shares... At this rate pretty soon they'll have to make a public offering because of french law.,NEGATIVE,0.9966938495635986
0,Now Google follows you wherever you go...,NEGATIVE,0.9826111197471619
0,Minoru Suzuki,NEGATIVE,0.9801897406578064
1,That's just the Wi-Fi making you say those things,NEGATIVE,0.9702174663543701
0,Jimmie looks like the current favorite IMO,NEGATIVE,0.9981644749641418
0,Randia ka favourite (ya second favourite) politician hai aakhir kaar.,NEGATIVE,0.91070556640625
0,This subreddit is silly.,NEGATIVE,0.9986457228660583
0,Papa bless,NEGATIVE,0.9996713399887085
0,"Fournette is injured and his coach told him to sit and prepare for the draft instead of playing and potentially aggrevating a leg injury, but yeah.",NEGATIVE,0.9691798090934753
0,Exactly what I thought.,NEGATIVE,0.9997921586036682
0,w00p w00p,NEGATIVE,0.9675194025039673
0,I cursed you,NEGATIVE,0.9983810186386108
0,New best strat discovered,NEGATIVE,0.9971672892570496
0,So he is just polarizing everything?,NEGATIVE,0.9980970025062561
0,How about just teach Nate to check kicks?,NEGATIVE,0.998357355594635
0,And about 100 times more expensive,NEGATIVE,0.5228370428085327
0,Yay.,NEGATIVE,0.9348819851875305
0,"NO NO NO we are supposed to spout toxic, hateful bs.",NEGATIVE,0.9983629584312439
0,Is Nvidia falling to AMD level bad drivers or something?,NEGATIVE,0.9997949004173279
0,Because of potential belt contamination if I missclicked.,NEGATIVE,0.997031569480896
0,These are the Daves of our lives,NEGATIVE,0.9990129470825195
0,I cannot afford BF1 because of that plaid-covered monster.,NEGATIVE,0.9976550340652466
0,hmm.....dumpster donalds entire campaign was a play book on white identity politics,NEGATIVE,0.9982417821884155
1,that's not a very nice thing to say about Susan Sarandon,NEGATIVE,0.9997932314872742
0,It's not like it's set in stone that it's going to fail... the previous poll proved that having ~70% sub 10k votes isn't a death sentence.,NEGATIVE,0.9895805716514587
0,dont forget post rock,NEGATIVE,0.9985465407371521
0,Use Strava,NEGATIVE,0.9887590408325195
0,"Pants, feels, what's the difference?",NEGATIVE,0.9657919406890869
0,You work for the Legion?,NEGATIVE,0.9799185991287231
0,The Switch actually looks pretty cool,NEGATIVE,0.9995419979095459
0,Young Santa Claus?,NEGATIVE,0.9391612410545349
0,"Western Europe is, it's the East that could be destabilized.",NEGATIVE,0.6926560401916504
1,"Yeah dude, just approach random people from your college like an idiot, after all that's how relationships are formed.",NEGATIVE,0.9996588230133057
0,I knew I'd get a kick out of posting this here,NEGATIVE,0.9860753417015076
0,Thank you!,NEGATIVE,0.9998581409454346
0,where?,NEGATIVE,0.9930404424667358
0,Venting all the way *vent vent vent*,NEGATIVE,0.9795010685920715
0,PSN is Csmal1992,NEGATIVE,0.9657017588615417
0,"You do realize only Genuine sets are for sale, and the price for normal ones would prolly drop to say 2 dollars or lesser i guess.",NEGATIVE,0.9990516304969788
0,"There is such a thing as being a shitty manager, you know.",NEGATIVE,0.9996567964553833
0,I've had luck just using spray cans of clear coat.,NEGATIVE,0.9938116073608398
0,"This would likely be more effective than goggles, as it would also prevent particulate matter from flying at the face in the first place.",NEGATIVE,0.986335277557373
0,"""You have small cock""",NEGATIVE,0.8711416721343994
0,What a true feat of ~~German~~ human engineering,NEGATIVE,0.9995001554489136
0,Happy littles trees.,NEGATIVE,0.999870777130127
0,This guy gets it.,NEGATIVE,0.9996142387390137
0,"Whenever he claims to not know someone, just assume he does.",NEGATIVE,0.9991819262504578
0,probably because his brother is a big deal!,NEGATIVE,0.9859203696250916
0,And it's printed as such that it works the way it does,NEGATIVE,0.999560534954071
0,But it's known that this is not the case since its never been in previous CoDs.,NEGATIVE,0.9951723217964172
0,"His popularity rating has somehow gone up to, a lot of people seem to just not care.",NEGATIVE,0.9977715015411377
0,Sh...should we tell him?,NEGATIVE,0.9983078241348267
0,It was on a ballot and the people in Austin spoke.,NEGATIVE,0.9988459348678589
0,"You look like the offspring that would come out if the two main characters from ""Up"" were related by blood.",NEGATIVE,0.6487800478935242
0,protest just got 10 days longer,NEGATIVE,0.9985370635986328
0,How is he streaming non gaming content so often yet is still around?,NEGATIVE,0.9966081380844116
0,"Umm, he can't donate more than $2700 to her",NEGATIVE,0.9958525896072388
1,Re-signed.,NEGATIVE,0.6321262717247009
0,Fight or fuck?,NEGATIVE,0.9951531887054443
0,"-x-3 = -14(x/14+3/14)+0 GCD(x^(4)-x^(3)-x^(2)-1,x^(3)-1) = -14 or, equivalently, 1.",NEGATIVE,0.9793757796287537
0,jokes on you im upvoting you,NEGATIVE,0.9939320683479309
0,"For those too lazy to read it dont, its too long and this guy doesnt understand what lazy is",NEGATIVE,0.9996278285980225
0,*fetuses,NEGATIVE,0.9709922671318054
0,Magnetic Bullets... you can clearly see them go back up into the gun ;),NEGATIVE,0.9475470185279846
0,Shhhhhhhhhhhit,NEGATIVE,0.9818757176399231
0,I quit at the farm,NEGATIVE,0.9995573163032532
0,I'm picturing the SNL skit now.,NEGATIVE,0.652919590473175
0,"I met Kane when he was wrestling at our towns fair as Diesel, we were getting his autograph and one of the guys in line asked for him to sign it Isaac Yankem to which he got an ""f off""",NEGATIVE,0.9686344861984253
0,Black Friday of next year probably,NEGATIVE,0.7815366983413696
0,"You keep saying exorte, I let it slide first time but now you are really grinding my gears.",NEGATIVE,0.9987074136734009
0,"I know, it fits lore, they could just pick better bodyparts I think.. I hope they at least re-make him into full tank with better options.",NEGATIVE,0.9991080164909363
0,Yea VPN works.,NEGATIVE,0.996654748916626
0,Aw man I miss hearing grandpa-isms like that!,NEGATIVE,0.9475875496864319
0,The joke just soared over your head,NEGATIVE,0.9867094159126282
0,Nice bat-and-switch...,NEGATIVE,0.9992746710777283
0,Fuck man I can't figure out how to get those sweet fumes :(,NEGATIVE,0.9987666606903076
1,That's how he's bringing jobs back to America!,NEGATIVE,0.9997909665107727
0,just in time for trump to take it all away!,NEGATIVE,0.9868555665016174
1,"you know, if I were a pro, I'd practice 16 hours a day for 5 years straight, especially after single handedly throwing the world championship away after being carried to the group stage.",NEGATIVE,0.9876629710197449
0,"""The Gang Blows a Tire""",NEGATIVE,0.9940314888954163
0,"Sadly I would've had the same trial as Mina and just hand over the stone, cuz I'm a filthy hippie.",NEGATIVE,0.9992923736572266
0,And they have epic lightsaber duels with dinosaurs.,NEGATIVE,0.9982512593269348
0,Price :),NEGATIVE,0.9002635478973389
0,It is 100% shitty fantasy booking,NEGATIVE,0.9997666478157043
0,What he said,NEGATIVE,0.9930358529090881
1,But Snowbowl is opening in 9 days!,NEGATIVE,0.996697187423706
0,PSA: Use ublock origin.,NEGATIVE,0.9978140592575073
0,"GOOD memory, just like my grandson.",NEGATIVE,0.9998732805252075
0,Even Brad Guzan and Ozzy Osbourne?,NEGATIVE,0.9375426769256592
0,"True, but that also costs a couple of cards",NEGATIVE,0.846454918384552
0,Tiny hands can't hit the keys on his phone,NEGATIVE,0.991797685623169
0,Is the Fallout sub literally just a FNV dick sucking sub now?,NEGATIVE,0.9994275569915771
0,Isn't it Cyka bylat?,NEGATIVE,0.9929686188697815
0,Same issue here... my ISP is AT&amp;T. UPVOTED FOR VISIBILITY.,NEGATIVE,0.9813138246536255
0,"Go ahead, stating a fact isn't against the rules.",NEGATIVE,0.9940488338470459
0,Thanks!,NEGATIVE,0.9998165965080261
0,What year did you move out of Poway?,NEGATIVE,0.9687577486038208
0,Oh my god I love doing this.,NEGATIVE,0.9997624754905701
0,Hot,NEGATIVE,0.9995107650756836
0,I think that works better on Grant Morrison,NEGATIVE,0.9544780850410461
0,The key is to not go down Harrow if you know how horrible it is.,NEGATIVE,0.9996101260185242
0,"well, id like to see more unturned fan-art, specially npc-related.",NEGATIVE,0.994125247001648
0,Ba dum tss,NEGATIVE,0.9940329194068909
0,I dont get it,NEGATIVE,0.9987433552742004
0,Vince misses tf out of this guy,NEGATIVE,0.994167685508728
0,"At the rate of Hillary emails, ""future president"" doesnt even need to be prefaced anymore...",NEGATIVE,0.9821859002113342
0,Yes but that has nothing to do with the fact BLM is a terrorist organization.,NEGATIVE,0.9955174326896667
0,I'm with you,NEGATIVE,0.999795138835907
0,'memba thatfuckinguyoverthere?,NEGATIVE,0.9894272685050964
0,I just pack all the water on the back of my camel.,NEGATIVE,0.9984473586082458
0,"Yes they can, all they'd have to do is kill someone to save someone else's life like Jealous did.",NEGATIVE,0.9678735136985779
0,"If anything, this thread is proof that it's no longer the 1980s and the Democrats no longer champion the homeless.",NEGATIVE,0.9976150989532471
0,And they were the same person,NEGATIVE,0.9703081250190735
0,"Napalm, first thing in the morning.",NEGATIVE,0.9955775737762451
0,Company went public 36 hours later.,NEGATIVE,0.5013101696968079
1,You're probably not druid master race.,NEGATIVE,0.9997209906578064
0,28 people to learn that places like Canada don't just let anyone in,NEGATIVE,0.9906127452850342
0,Pretty sure it's been posted,NEGATIVE,0.5444629192352295
0,Looks like the A380.,NEGATIVE,0.9888889789581299
0,Lol someone can't aim with a crossy,NEGATIVE,0.9954760670661926
0,"I reckon lambda man likes alpha, beta, and delta men.",NEGATIVE,0.9159635901451111
0,She shoulda had lemonade on her crotch,NEGATIVE,0.9916860461235046
0,ctf is fucking awful,NEGATIVE,0.9994600415229797
0,"I hope this is sarcasm, otherwise you'll probably look just like the idiot you are.",NEGATIVE,0.9997031092643738
0,My boss spawns every monday at 9 am.,NEGATIVE,0.7712808847427368
0,Have you bound your pistol on mouse wheel?,NEGATIVE,0.9907568097114563
0,Imagine showing that to someone a little over a year ago.,NEGATIVE,0.9916436076164246
0,"I wish Schumer and Reid had not endorsed Keith Ellison, it has me given me pause and rethink Ellison as chair.",NEGATIVE,0.9925397038459778
1,"yeah, god forbid jesse look out for his fans by removing an abusive asshole who was disturbing the experience for the rest of the crowd.",NEGATIVE,0.9862362742424011
0,Beer city USA,NEGATIVE,0.9943134784698486
